epoch,train_loss,train_loss_policy,train_loss_value,train_num_data,execution_time
1,1.09997,0.282166,0.817807,20481,1.01878
2,1.0015,0.277389,0.724107,20576,1.18922
3,0.953307,0.275973,0.677335,20704,1.147
4,0.918287,0.274161,0.644127,20864,1.2899
5,0.891763,0.272479,0.619284,20977,1.35552
6,0.873709,0.271179,0.60253,21129,1.21881
7,0.860935,0.26995,0.590985,21266,1.10845
8,0.859018,0.268952,0.590066,21404,1.04922
9,0.851562,0.270467,0.581095,21508,1.21723
10,0.886512,0.2705,0.616012,21655,1.28486
11,0.857849,0.268928,0.588921,21794,1.35638
12,0.845225,0.267533,0.577692,21991,1.28442
13,0.839642,0.266885,0.572757,22145,1.33606
14,0.836006,0.266352,0.569654,22323,1.20493
15,0.834652,0.26611,0.568541,22494,1.30632
16,0.827375,0.265364,0.56201,22621,1.32428
17,0.831291,0.265197,0.566094,22832,1.22741
18,0.829882,0.265088,0.564794,22962,1.30022
19,0.827356,0.264585,0.562771,23159,1.24069
20,0.825149,0.264132,0.561017,23296,1.25394
21,0.826815,0.264273,0.562542,23476,1.36251
22,0.819598,0.263909,0.555689,23630,1.41169
23,0.82484,0.263567,0.561273,23821,1.41015
24,0.82261,0.26381,0.5588,24044,1.55669
25,0.822231,0.263039,0.559192,24264,1.30577
26,0.819976,0.262753,0.557224,24456,1.49286
27,0.816307,0.262357,0.55395,24660,1.49485
28,0.821148,0.262356,0.558792,24887,1.45366
29,0.820107,0.262234,0.557873,25060,1.37612
30,0.817961,0.261998,0.555963,25282,1.45335
31,0.815863,0.261834,0.554029,25452,1.60381
32,0.812922,0.261019,0.551903,25623,1.45343
33,0.826468,0.263249,0.563218,25846,1.45449
34,0.817143,0.261746,0.555397,26016,1.5844
35,0.817284,0.261143,0.556141,26255,1.43815
36,0.816942,0.261113,0.555829,26374,1.70206
37,0.815081,0.26069,0.554391,26614,1.64024
38,0.814943,0.260469,0.554474,26857,1.5456
39,0.81279,0.26034,0.552451,27046,1.41645
40,0.813737,0.260374,0.553363,27254,1.48219
41,0.809957,0.260088,0.549869,27455,1.59745
42,0.81002,0.260636,0.549384,27694,1.4774
43,0.815089,0.260833,0.554255,27876,1.64683
44,0.81058,0.260225,0.550355,28109,1.81896
45,0.807374,0.259558,0.547816,28376,1.62132
46,0.806613,0.259566,0.547047,28597,1.55242
47,0.80751,0.259263,0.548246,28816,1.71807
48,0.806246,0.259602,0.546644,29017,1.67637
49,0.80392,0.259091,0.544828,29229,1.76428
50,0.804635,0.25882,0.545815,29469,1.73282
51,0.806143,0.259088,0.547055,29670,1.76583
52,0.806973,0.259448,0.547525,29918,1.861
53,0.805036,0.258954,0.546082,30175,2.00346
54,0.803544,0.258459,0.545086,30469,1.70139
55,0.801734,0.258155,0.54358,30710,1.84418
56,0.803234,0.258103,0.545131,30975,1.7508
57,0.805106,0.258197,0.54691,31170,1.67703
58,0.803512,0.257786,0.545726,31434,1.88005
59,0.798797,0.257399,0.541398,31681,1.78568
60,0.800247,0.257029,0.543218,31922,1.72483
61,0.799671,0.257365,0.542306,32186,1.94988
62,0.800885,0.257106,0.543779,32395,1.79395
63,0.79695,0.25682,0.54013,32674,1.8105
64,0.799285,0.256879,0.542406,32913,1.89752
65,0.794847,0.25678,0.538067,33138,1.91277
66,0.793729,0.256521,0.537208,33453,1.90592
67,0.793032,0.25642,0.536612,33674,1.98172
68,0.790241,0.256313,0.533928,33942,2.05469
69,0.794449,0.25621,0.538239,34272,2.01214
70,0.794726,0.256235,0.53849,34468,2.04834
71,0.791519,0.255773,0.535746,34773,2.28548
72,0.79136,0.25534,0.53602,35077,2.10535
73,0.79005,0.255204,0.534845,35306,2.1868
74,0.789161,0.255205,0.533957,35637,1.99258
75,0.789931,0.255661,0.534271,35929,2.02716
76,0.793024,0.255858,0.537166,36194,2.00563
77,0.786956,0.254983,0.531973,36486,2.21487
78,0.787499,0.254565,0.532934,36757,2.00976
79,0.785269,0.254538,0.530731,37083,2.03444
80,0.78435,0.254438,0.529912,37349,2.39929
81,0.781137,0.253981,0.527156,37679,2.26489
82,0.783327,0.254099,0.529228,38009,2.26989
83,0.785431,0.254067,0.531364,38337,2.10218
84,0.78356,0.253748,0.529812,38594,2.07857
85,0.780898,0.254102,0.526796,38929,2.1647
86,0.790416,0.254804,0.535611,39237,2.10004
87,0.781537,0.253249,0.528288,39492,2.42928
88,0.780273,0.252867,0.527406,39798,2.45014
89,0.779472,0.252618,0.526854,40164,2.11274
90,0.780257,0.252634,0.527624,40488,2.16225
91,0.77867,0.252538,0.526133,40711,2.44409
92,0.779343,0.252148,0.527195,41058,2.32448
93,0.779313,0.252343,0.52697,41386,2.38981
94,0.778084,0.252116,0.525968,41708,2.28528
95,0.776246,0.252105,0.524141,41966,2.3542
96,0.775716,0.251743,0.523973,42307,2.64368
97,0.774945,0.251573,0.523373,42699,2.39245
98,0.784686,0.251715,0.532971,43022,2.25441
99,0.792845,0.254042,0.538803,43329,2.54117
100,0.775894,0.251544,0.52435,43685,2.37017
101,0.775165,0.25137,0.523795,44006,2.57539
102,0.773558,0.250902,0.522656,44386,2.67145
103,0.771746,0.250653,0.521093,44734,2.50747
104,0.773397,0.25078,0.522617,45033,2.4422
105,0.772935,0.250652,0.522283,45381,2.78182
106,0.770722,0.250553,0.520168,45737,2.44002
107,0.769727,0.250187,0.51954,46064,2.61668
108,0.770075,0.249968,0.520107,46433,2.67296
109,0.769508,0.250063,0.519446,46846,2.60438
110,0.769456,0.249687,0.519769,47198,2.68002
111,0.773679,0.250155,0.523524,47594,2.75928
112,0.770083,0.249695,0.520388,47956,2.62853
113,0.768932,0.249305,0.519627,48333,2.88913
114,0.768199,0.249175,0.519024,48707,2.68234
115,0.766694,0.248947,0.517748,49090,2.91211
116,0.766075,0.248862,0.517213,49469,2.72765
117,0.765353,0.248712,0.516641,49850,2.88686
118,0.764881,0.249317,0.515564,50228,2.80234
119,0.766339,0.249079,0.51726,50642,2.79991
120,0.764472,0.248499,0.515973,50999,2.80922
121,0.762651,0.248174,0.514477,51371,2.79029
122,0.763852,0.248166,0.515686,51757,2.79404
123,0.763533,0.248163,0.51537,52170,2.94592
124,0.762813,0.248038,0.514774,52553,3.05248
125,0.760538,0.247683,0.512855,52998,3.02866
126,0.760313,0.247338,0.512974,53417,3.24801
127,0.760636,0.247527,0.513109,53855,2.84272
128,0.761879,0.247412,0.514467,54232,2.85477
129,0.762028,0.247362,0.514666,54623,3.03995
130,0.761751,0.247216,0.514535,55046,3.05888
131,0.761907,0.247159,0.514748,55454,3.13458
132,0.760663,0.247155,0.513508,55885,3.14255
133,0.762999,0.246425,0.516574,56343,3.1967
134,0.771392,0.248842,0.52255,56808,3.56409
135,0.759271,0.246875,0.512396,57303,3.10698
136,0.755951,0.246054,0.509897,57765,3.4444
137,0.76001,0.246582,0.513428,58233,3.24317
138,0.756051,0.246006,0.510045,58763,3.54445
139,0.755368,0.245551,0.509817,59247,3.17933
140,0.75589,0.245612,0.510278,59599,3.08373
141,0.757643,0.245785,0.511858,60013,3.1916
142,0.757657,0.245736,0.511921,60446,3.34559
143,0.757017,0.24612,0.510897,60988,3.31781
144,0.756209,0.245049,0.51116,61489,3.84838
145,0.753241,0.245259,0.507982,62035,3.49785
146,0.751581,0.244453,0.507129,62522,3.66452
147,0.75195,0.244534,0.507416,62997,3.65841
148,0.752809,0.244202,0.508607,63576,3.77824
149,0.75296,0.244996,0.507964,64078,3.51742
150,0.747943,0.243993,0.50395,64615,3.65544
151,0.747066,0.243904,0.503162,65086,3.58199
152,0.745087,0.243905,0.501182,65604,3.33539
153,0.748547,0.243822,0.504725,66054,3.39925
154,0.746148,0.243413,0.502735,66516,3.77071
155,0.745594,0.243266,0.502328,67042,3.7417
156,0.745151,0.243204,0.501947,67582,3.57855
157,0.743965,0.242812,0.501153,68114,3.72265
158,0.744145,0.243268,0.500877,68640,3.62487
159,0.775811,0.247717,0.528095,69145,3.85747
160,0.748248,0.243137,0.505111,69651,3.78012
161,0.813521,0.252627,0.560894,70197,3.98702
162,0.758556,0.245933,0.512623,70774,3.98691
163,0.753756,0.245098,0.508658,71316,4.14663
164,0.747556,0.243953,0.503603,71873,3.92344
165,0.743849,0.243142,0.500706,72418,4.28181
166,0.741242,0.242761,0.498481,72830,3.91466
167,0.742015,0.242446,0.499569,73564,4.07635
168,0.739758,0.242065,0.497694,74109,4.06129
169,0.739655,0.241987,0.497668,74745,3.65142
170,0.740336,0.241615,0.49872,75240,4.15593
171,0.739296,0.241365,0.49793,75822,4.05573
172,0.739914,0.241809,0.498105,76390,4.3827
173,0.736826,0.24097,0.495856,77040,4.18131
174,0.73643,0.241046,0.495385,77544,4.44325
175,0.73287,0.240486,0.492384,78154,4.32824
176,0.735029,0.240745,0.494284,78835,4.29071
177,0.73449,0.240321,0.49417,79422,4.44888
178,0.734164,0.240288,0.493876,80082,4.20173
179,0.733201,0.240146,0.493055,80623,4.63172
180,0.73283,0.240143,0.492686,81261,4.84849
181,0.730622,0.239692,0.49093,82016,4.4115
182,0.731215,0.239698,0.491517,82615,4.56467
183,0.730433,0.239638,0.490795,83337,4.46373
184,0.728939,0.239199,0.48974,83975,5.01258
185,0.738919,0.242944,0.495975,84734,5.14582
186,0.727311,0.239443,0.487869,85457,4.89937
187,0.72471,0.238976,0.485734,86133,4.71272
188,0.725645,0.238929,0.486716,86768,4.67484
189,0.725067,0.238754,0.486313,87317,4.5158
190,0.724021,0.238527,0.485495,87864,4.81785
191,0.724125,0.238435,0.48569,88469,5.01154
192,0.725324,0.238482,0.486842,89049,4.50531
193,0.72443,0.238457,0.485973,89476,5.25238
194,0.721543,0.237938,0.483605,89903,5.69071
195,0.722217,0.238065,0.484152,90943,5.30545
196,0.72163,0.237997,0.483633,91832,5.44742
197,0.720433,0.237677,0.482756,92597,4.89352
198,0.721159,0.237801,0.483358,93315,5.33508
199,0.724865,0.238526,0.486339,94073,5.07809
200,0.718641,0.2371,0.481541,94795,5.14059
201,0.717304,0.236856,0.480448,95585,4.95675
202,0.717808,0.237005,0.480803,96287,5.36935
203,0.717467,0.237285,0.480182,97075,5.33971
204,0.714343,0.236511,0.477832,97860,5.49702
205,0.716188,0.236787,0.479401,98302,5.90138
206,0.716659,0.2367,0.479959,99546,5.43114
207,0.716203,0.236469,0.479734,100216,5.74753
208,0.713321,0.236186,0.477135,101086,5.80839
209,0.713823,0.236232,0.477591,101534,5.54238
210,0.714747,0.236137,0.478609,102687,5.78745
211,0.712148,0.235863,0.476285,103128,5.65678
212,0.712688,0.235574,0.477114,103737,5.87664
213,0.711846,0.23553,0.476316,105253,5.80567
214,0.710694,0.235301,0.475393,105752,5.74983
215,0.711686,0.235642,0.476044,106141,5.65749
216,0.711624,0.235476,0.476148,107758,6.0756
217,0.708032,0.234611,0.473421,108683,5.4975
218,0.70997,0.23519,0.47478,109473,6.01176
219,0.707518,0.234491,0.473027,110360,6.55733
220,0.706097,0.234175,0.471922,111337,6.56263
221,0.705909,0.234223,0.471686,112263,6.21875
222,0.706874,0.234412,0.472462,112866,6.2758
223,0.705493,0.233838,0.471655,114089,6.30078
224,0.703595,0.233543,0.470051,115063,6.47199
225,0.703236,0.233613,0.469624,116102,6.39751
226,0.705407,0.233921,0.471486,116669,6.62753
227,0.702432,0.233192,0.46924,117019,5.96657
228,0.702447,0.233315,0.469132,117665,6.23029
229,0.703123,0.233416,0.469706,118470,5.97676
230,0.700271,0.232688,0.467583,120783,6.40385
231,0.699995,0.232713,0.467282,121726,6.70706
232,0.698233,0.232531,0.465702,122355,6.74353
233,0.69969,0.232712,0.466978,122839,6.72512
234,0.698623,0.232644,0.465979,123555,6.75185
235,0.697154,0.232223,0.464931,124648,6.59653
236,0.694959,0.231943,0.463016,125095,6.90191
237,0.698629,0.232597,0.466031,125536,6.94276
238,0.696311,0.231975,0.464336,126104,6.80815
239,0.695549,0.23182,0.463729,128553,7.32173
240,0.695474,0.231836,0.463638,130170,6.67116
241,0.693445,0.231411,0.462035,130668,7.11645
242,0.692253,0.231046,0.461207,131529,7.11959
243,0.693698,0.23143,0.462267,133074,7.70158
244,0.691162,0.230989,0.460173,134059,7.20089
245,0.689492,0.230392,0.4591,136141,7.19684
246,0.691501,0.230841,0.460659,137107,7.44253
247,0.691635,0.230741,0.460894,137942,7.23048
248,0.688526,0.230078,0.458448,138892,7.61494
249,0.690494,0.230526,0.459967,139260,7.49685
250,0.687675,0.229803,0.457873,141006,7.38929
251,0.692141,0.230688,0.461453,142675,7.55496
252,0.687147,0.229712,0.457435,143774,7.62817
253,0.687063,0.229673,0.457391,144399,7.48229
254,0.693061,0.23137,0.461692,145026,8.18345
255,0.684994,0.229321,0.455672,145424,7.66149
256,0.692448,0.230863,0.461585,148283,8.2227
257,0.685566,0.229084,0.456481,149116,7.99418
258,0.684848,0.228771,0.456077,150517,8.37219
259,0.684461,0.228748,0.455713,151102,7.98089
260,0.683616,0.228698,0.454918,153117,8.44552
261,0.684082,0.228573,0.455509,154375,8.47208
262,0.683819,0.228686,0.455133,154771,8.52681
263,0.684668,0.22871,0.455958,156568,8.03514
264,0.681303,0.227896,0.453406,157594,8.21582
265,0.680635,0.22782,0.452814,159567,8.232
266,0.679368,0.227641,0.451727,160694,8.85811
267,0.68136,0.228042,0.453318,161235,8.47697
268,0.680481,0.227692,0.452789,161729,7.87371
269,0.680971,0.227699,0.453272,164458,8.58106
270,0.68061,0.227447,0.453162,165219,8.39706
271,0.679528,0.227327,0.452201,166820,8.9594
272,0.678557,0.22722,0.451337,167793,9.79956
273,0.67703,0.226935,0.450095,169671,8.84118
274,0.67809,0.227021,0.451069,170985,9.31781
275,0.677263,0.226722,0.45054,172324,9.12442
276,0.677943,0.226887,0.451057,173534,8.73267
277,0.677023,0.226523,0.450499,175026,9.08054
278,0.676441,0.226545,0.449896,175649,9.5028
279,0.674055,0.225832,0.448223,177912,9.3867
280,0.677819,0.226694,0.451126,178891,9.47518
281,0.672604,0.225569,0.447035,180751,9.36597
282,0.675259,0.226159,0.449101,181578,10.1631
283,0.671899,0.225514,0.446385,183053,9.27756
284,0.674106,0.226006,0.4481,185070,10.1091
285,0.672972,0.225795,0.447177,185725,9.54588
286,0.672407,0.225498,0.446909,186754,9.81451
287,0.671922,0.225343,0.446579,187443,10.081
288,0.676277,0.22633,0.449947,188331,10.0706
289,0.671208,0.225128,0.44608,188834,10.2163
290,0.670575,0.224953,0.445622,194357,10.3831
291,0.669416,0.224699,0.444717,195136,9.99578
292,0.670539,0.224835,0.445704,195887,10.9727
293,0.66964,0.224606,0.445034,198799,10.2738
294,0.669223,0.224402,0.444821,200000,10.3245
295,0.667235,0.223909,0.443327,200000,10.8297
296,0.665217,0.223586,0.441631,200000,10.2565
297,0.660909,0.222472,0.438438,200000,10.5512
298,0.661347,0.222629,0.438718,200000,10.8689
299,0.660942,0.222405,0.438537,200000,9.68957
300,0.653827,0.220716,0.433111,200000,10.1626
301,0.652445,0.22056,0.431885,200000,10.5779
302,0.650824,0.220123,0.430701,200000,10.2164
303,0.650648,0.219808,0.43084,200000,10.7099
304,0.648019,0.219087,0.428932,200000,10.7384
305,0.646589,0.218797,0.427791,200000,10.7663
306,0.642912,0.217899,0.425012,200000,9.85668
307,0.643746,0.217992,0.425754,200000,10.2219
308,0.64139,0.217307,0.424083,200000,10.3585
309,0.637408,0.216191,0.421217,200000,10.3537
310,0.637312,0.216192,0.42112,200000,10.0933
311,0.636622,0.215758,0.420864,200000,11.1559
312,0.633853,0.215441,0.418412,200000,10.8369
313,0.632799,0.215078,0.417721,200000,10.1096
314,0.631289,0.214763,0.416526,200000,10.3782
315,0.631259,0.214732,0.416526,200000,10.2953
316,0.631304,0.214901,0.416403,200000,10.9156
317,0.632663,0.215151,0.417513,200000,10.4118
318,0.63078,0.214709,0.416071,200000,10.4285
319,0.627803,0.21375,0.414053,200000,10.5278
320,0.62374,0.213081,0.410659,200000,10.4404
321,0.62268,0.212533,0.410147,200000,10.781
322,0.622816,0.213013,0.409803,200000,10.3397
323,0.620334,0.212097,0.408238,200000,10.9605
324,0.619843,0.211957,0.407886,200000,10.3865
325,0.621891,0.212692,0.409198,200000,10.8195
326,0.618483,0.211782,0.406701,200000,10.7946
327,0.619338,0.211967,0.407371,200000,10.1746
328,0.618402,0.211613,0.406789,200000,11.2586
329,0.617467,0.211375,0.406091,200000,10.7227
330,0.618273,0.211514,0.406759,200000,10.304
331,0.612217,0.210288,0.401929,200000,10.591
332,0.612675,0.210323,0.402352,200000,10.6883
333,0.612652,0.210255,0.402397,200000,10.8095
334,0.610201,0.209627,0.400574,200000,10.3993
335,0.608319,0.208931,0.399388,200000,10.4005
336,0.611669,0.209942,0.401726,200000,10.422
337,0.609574,0.209464,0.40011,200000,10.4915
338,0.606723,0.208697,0.398026,200000,10.8772
339,0.607466,0.208957,0.398509,200000,10.6533
340,0.604849,0.208374,0.396475,200000,10.693
341,0.60625,0.20864,0.39761,200000,10.4053
342,0.603594,0.207914,0.39568,200000,10.0122
343,0.603669,0.207961,0.395708,200000,10.9834
344,0.601365,0.207244,0.39412,200000,10.4291
345,0.602034,0.20733,0.394704,200000,10.7867
346,0.601934,0.207167,0.394767,200000,10.7163
347,0.601803,0.207203,0.3946,200000,11.0118
348,0.600094,0.206791,0.393304,200000,10.8442
349,0.600677,0.207196,0.39348,200000,10.5817
350,0.600071,0.207058,0.393013,200000,10.4075
351,0.596535,0.205908,0.390626,200000,10.968
352,0.598816,0.20663,0.392187,200000,10.4477
353,0.595347,0.20546,0.389886,200000,10.7176
354,0.595956,0.205652,0.390304,200000,10.6412
355,0.596058,0.205786,0.390272,200000,10.389
356,0.594676,0.20559,0.389087,200000,10.7963
357,0.593673,0.205453,0.38822,200000,10.2392
358,0.589788,0.204407,0.385381,200000,10.1643
359,0.590582,0.20457,0.386012,200000,10.6891
360,0.592194,0.205202,0.386992,200000,9.90639
361,0.59054,0.204547,0.385994,200000,10.6437
362,0.591247,0.204857,0.38639,200000,10.5151
363,0.590466,0.204551,0.385915,200000,10.283
364,0.586435,0.203812,0.382623,200000,10.4294
365,0.586903,0.203797,0.383105,200000,10.6508
366,0.585723,0.203624,0.382099,200000,9.99346
367,0.586341,0.203756,0.382585,200000,10.1393
368,0.585023,0.203419,0.381603,200000,10.1792
369,0.583805,0.203054,0.380751,200000,9.67198
370,0.584122,0.203034,0.381087,200000,10.392
371,0.582052,0.202512,0.37954,200000,10.4902
372,0.582009,0.202402,0.379607,200000,10.7843
373,0.584192,0.203226,0.380965,200000,10.6384
374,0.579811,0.20193,0.37788,200000,10.1584
375,0.581148,0.202474,0.378674,200000,10.6723
376,0.578844,0.201709,0.377135,200000,9.96249
377,0.579379,0.202138,0.377241,200000,10.9998
378,0.579017,0.202025,0.376991,200000,10.6188
379,0.576914,0.201235,0.375679,200000,10.2773
380,0.576123,0.20098,0.375143,200000,10.2537
381,0.577842,0.201607,0.376234,200000,10.3037
382,0.575888,0.201025,0.374862,200000,10.6466
383,0.576461,0.201092,0.375369,200000,10.1544
384,0.57276,0.200316,0.372444,200000,10.3897
385,0.574809,0.200871,0.373938,200000,10.4224
386,0.575689,0.201218,0.374471,200000,10.8209
387,0.572321,0.200111,0.372211,200000,10.7687
388,0.571403,0.200107,0.371296,200000,10.844
389,0.572646,0.200309,0.372337,200000,10.3546
390,0.572127,0.200264,0.371863,200000,10.1804
391,0.570729,0.199729,0.371,200000,11.0837
392,0.569645,0.199434,0.370211,200000,10.5726
393,0.571529,0.200199,0.37133,200000,10.7693
394,0.57151,0.200263,0.371247,200000,10.9409
395,0.567545,0.198974,0.368571,200000,10.4747
396,0.569671,0.199834,0.369836,200000,10.4126
397,0.564478,0.198591,0.365887,200000,10.5735
398,0.564901,0.198674,0.366227,200000,10.4689
399,0.56427,0.198578,0.365692,200000,9.6768
400,0.564477,0.19844,0.366037,200000,9.92277
401,0.563957,0.19834,0.365617,200000,10.9826
402,0.563395,0.19817,0.365225,200000,10.3829
403,0.563925,0.198443,0.365482,200000,10.806
404,0.560935,0.197577,0.363359,200000,11.2372
405,0.56156,0.197602,0.363958,200000,9.81763
406,0.561246,0.197748,0.363497,200000,10.4754
407,0.559496,0.19708,0.362416,200000,10.0156
408,0.560396,0.197565,0.362831,200000,10.2591
409,0.559491,0.197501,0.361989,200000,10.7616
410,0.557166,0.196846,0.360319,200000,10.5244
411,0.557392,0.196772,0.360619,200000,10.8438
412,0.557604,0.196941,0.360664,200000,11.068
413,0.557015,0.196746,0.360269,200000,10.3554
414,0.555407,0.196603,0.358804,200000,10.5892
415,0.552882,0.195616,0.357266,200000,10.5754
416,0.554806,0.196368,0.358438,200000,11.0473
417,0.552471,0.195797,0.356674,200000,10.3641
418,0.553142,0.195908,0.357234,200000,10.2342
419,0.55402,0.196112,0.357908,200000,10.6494
420,0.553942,0.195899,0.358043,200000,10.596
421,0.552567,0.195405,0.357161,200000,10.7674
422,0.554015,0.195856,0.358159,200000,10.0954
423,0.552221,0.195333,0.356888,200000,10.4557
424,0.54977,0.195006,0.354764,200000,10.7215
425,0.54798,0.194456,0.353524,200000,10.8324
426,0.549734,0.195189,0.354545,200000,10.5007
427,0.549192,0.194962,0.35423,200000,9.85133
428,0.548214,0.194601,0.353613,200000,10.6678
429,0.548814,0.194744,0.35407,200000,9.7912
430,0.546505,0.194029,0.352476,200000,10.7659
431,0.548076,0.19451,0.353566,200000,10.551
432,0.546919,0.194088,0.352831,200000,10.4556
433,0.545855,0.193845,0.35201,200000,9.73281
434,0.544652,0.193578,0.351074,200000,10.924
435,0.545459,0.19373,0.351729,200000,10.6853
436,0.544756,0.19352,0.351236,200000,10.3237
437,0.544836,0.19352,0.351316,200000,10.3896
438,0.544335,0.193394,0.350941,200000,10.223
439,0.544423,0.193454,0.350969,200000,9.98277
440,0.542989,0.193154,0.349835,200000,10.5889
441,0.543763,0.193492,0.350271,200000,10.6685
442,0.542032,0.192938,0.349094,200000,10.1286
443,0.542964,0.193425,0.349539,200000,10.2942
444,0.54185,0.19284,0.349011,200000,10.4606
445,0.541667,0.19314,0.348527,200000,10.3466
446,0.541167,0.192911,0.348256,200000,10.3434
447,0.542461,0.193333,0.349129,200000,9.87706
448,0.539615,0.192265,0.34735,200000,10.8141
449,0.540671,0.192807,0.347865,200000,10.99
450,0.540317,0.192837,0.34748,200000,10.779
451,0.538318,0.192042,0.346276,200000,9.92321
452,0.5398,0.192653,0.347147,200000,10.294
453,0.538834,0.19225,0.346584,200000,10.4125
454,0.539135,0.192483,0.346652,200000,10.3632
455,0.539959,0.192672,0.347287,200000,10.2714
456,0.53994,0.192462,0.347478,200000,10.5298
457,0.537,0.191698,0.345302,200000,11.2147
458,0.536004,0.191494,0.344511,200000,10.3866
459,0.538389,0.192582,0.345807,200000,10.4624
460,0.535358,0.19149,0.343868,200000,10.9325
461,0.534626,0.191548,0.343077,200000,10.8177
462,0.535885,0.191919,0.343967,200000,10.3702
463,0.536407,0.191804,0.344603,200000,10.3127
464,0.535239,0.191809,0.343431,200000,10.7688
465,0.535565,0.191859,0.343706,200000,10.8545
466,0.534504,0.191412,0.343092,200000,10.7173
467,0.535323,0.191451,0.343872,200000,11.1381
468,0.536488,0.191927,0.34456,200000,10.4798
469,0.536852,0.192066,0.344786,200000,9.92926
470,0.534813,0.191409,0.343404,200000,10.8313
471,0.53283,0.190814,0.342017,200000,10.6629
472,0.535853,0.191937,0.343916,200000,10.7207
473,0.535752,0.191909,0.343843,200000,10.9207
474,0.533928,0.191203,0.342725,200000,10.7585
475,0.533677,0.190981,0.342696,200000,10.4952
476,0.533963,0.191281,0.342683,200000,10.442
477,0.534894,0.191409,0.343485,200000,10.8766
478,0.533867,0.1911,0.342767,200000,10.5717
479,0.534548,0.191121,0.343427,200000,10.6983
480,0.534313,0.19137,0.342942,200000,10.6561
481,0.533862,0.191109,0.342753,200000,10.6312
482,0.534008,0.191181,0.342826,200000,10.0606
483,0.533496,0.191029,0.342467,200000,10.4366
484,0.532872,0.190678,0.342194,200000,11.029
485,0.532614,0.190582,0.342032,200000,10.6302
486,0.534724,0.191062,0.343662,200000,10.4461
487,0.534636,0.191132,0.343504,200000,10.0936
488,0.531775,0.190323,0.341453,200000,10.2416
489,0.533188,0.190667,0.342521,200000,10.4371
490,0.533318,0.19098,0.342338,200000,10.2642
491,0.532042,0.190746,0.341296,200000,10.485
492,0.532727,0.190756,0.341971,200000,10.8952
493,0.53357,0.191003,0.342568,200000,10.2256
494,0.531102,0.190327,0.340775,200000,10.902
495,0.533005,0.190707,0.342298,200000,10.7007
496,0.532166,0.190746,0.34142,200000,7.98722
497,0.531623,0.190585,0.341039,200000,9.22386
498,0.529679,0.190177,0.339502,200000,8.81432
499,0.532149,0.190993,0.341156,200000,10.9473
500,0.530265,0.190389,0.339876,200000,11.6741
501,0.529908,0.190238,0.339671,200000,9.97014
502,0.527559,0.189505,0.338054,200000,11.4493
503,0.531504,0.190671,0.340833,200000,10.411
504,0.530944,0.190355,0.340589,200000,11.2096
505,0.529838,0.190009,0.339829,200000,10.4455
506,0.52941,0.189905,0.339505,200000,11.4213
507,0.530554,0.19015,0.340404,200000,10.6011
508,0.530704,0.190417,0.340287,200000,11.2632
509,0.529549,0.190035,0.339514,200000,11.2595
510,0.528765,0.189998,0.338767,200000,10.8124
511,0.530525,0.190576,0.339949,200000,10.8387
512,0.529142,0.190294,0.338848,200000,9.13007
513,0.529026,0.190069,0.338957,200000,10.7414
514,0.531703,0.190674,0.341028,200000,9.9011
515,0.528962,0.190055,0.338907,200000,10.7947
516,0.529252,0.190045,0.339207,200000,11.5296
517,0.52869,0.189854,0.338836,200000,10.7163
518,0.531273,0.190572,0.340702,200000,11.1694
519,0.528266,0.189693,0.338573,200000,10.1748
520,0.530407,0.190238,0.340169,200000,11.2027
521,0.528007,0.189516,0.338491,200000,9.53817
522,0.530337,0.190291,0.340046,200000,11.1892
523,0.528632,0.189785,0.338848,200000,10.435
524,0.526098,0.188966,0.337132,200000,10.7916
525,0.527757,0.189668,0.338089,200000,9.89475
526,0.526072,0.189237,0.336835,200000,9.73537
527,0.527279,0.189356,0.337923,200000,11.3599
528,0.528905,0.189705,0.339201,200000,10.7516
529,0.526669,0.189005,0.337664,200000,9.75731
530,0.530088,0.189869,0.340219,200000,9.24697
531,0.528252,0.189491,0.338762,200000,10.8044
532,0.527367,0.189164,0.338202,200000,10.6822
533,0.528304,0.189411,0.338892,200000,10.757
534,0.526244,0.189021,0.337223,200000,10.4152
535,0.527186,0.18923,0.337956,200000,11.0801
536,0.527678,0.189293,0.338385,200000,10.6548
537,0.526923,0.189202,0.337721,200000,9.65713
538,0.527158,0.189108,0.33805,200000,11.2073
539,0.527534,0.189241,0.338293,200000,10.2035
540,0.52592,0.188704,0.337217,200000,10.2779
541,0.529192,0.189644,0.339548,200000,10.5834
542,0.525683,0.188625,0.337058,200000,11.9275
543,0.527233,0.189091,0.338142,200000,10.8693
544,0.527186,0.189237,0.33795,200000,11.4462
545,0.527914,0.189676,0.338238,200000,10.7948
546,0.525547,0.188606,0.336941,200000,10.4755
547,0.526047,0.189091,0.336956,200000,10.1303
548,0.527718,0.189404,0.338314,200000,9.20427
549,0.525467,0.188572,0.336896,200000,10.4855
550,0.525432,0.188621,0.336811,200000,11.0881
551,0.526773,0.189224,0.33755,200000,9.51424
552,0.524942,0.188533,0.336409,200000,10.5038
553,0.526553,0.189124,0.33743,200000,9.2226
554,0.525026,0.188672,0.336354,200000,9.9135
555,0.525628,0.18874,0.336888,200000,10.3764
556,0.524735,0.188559,0.336176,200000,10.8351
557,0.52728,0.189286,0.337994,200000,10.1221
558,0.522935,0.188108,0.334828,200000,10.1588
559,0.523149,0.187959,0.33519,200000,11.4923
560,0.528315,0.189772,0.338543,200000,9.86106
561,0.522841,0.188023,0.334817,200000,10.5673
562,0.523022,0.187964,0.335059,200000,11.5122
563,0.524622,0.188667,0.335955,200000,10.939
564,0.524674,0.188915,0.335758,200000,11.4616
565,0.52475,0.188745,0.336005,200000,8.99563
566,0.523824,0.188344,0.33548,200000,9.22171
567,0.523195,0.188386,0.334809,200000,10.1888
568,0.52475,0.188659,0.33609,200000,10.7913
569,0.523125,0.188249,0.334876,200000,11.6497
570,0.522723,0.188177,0.334546,200000,11.1912
571,0.523451,0.188406,0.335045,200000,10.3632
572,0.523868,0.188653,0.335216,200000,9.07433
573,0.523508,0.188358,0.33515,200000,10.7174
574,0.521573,0.187914,0.333658,200000,10.2584
575,0.522857,0.188364,0.334493,200000,9.9851
576,0.524405,0.188852,0.335553,200000,9.71042
577,0.520389,0.187555,0.332835,200000,11.3702
578,0.521211,0.187927,0.333283,200000,11.4052
579,0.520967,0.187834,0.333134,200000,9.15772
580,0.520847,0.18788,0.332966,200000,11.1068
581,0.520644,0.187699,0.332945,200000,11.8009
582,0.522911,0.188166,0.334745,200000,10.757
583,0.521879,0.188001,0.333878,200000,10.3697
584,0.521418,0.187742,0.333676,200000,10.8722
585,0.521283,0.187568,0.333715,200000,11.6873
586,0.521613,0.187773,0.33384,200000,9.89334
587,0.522194,0.188042,0.334151,200000,10.2759
588,0.520557,0.187387,0.333169,200000,10.6431
589,0.521455,0.187721,0.333734,200000,10.9006
590,0.523111,0.187957,0.335154,200000,10.4282
591,0.522007,0.18778,0.334227,200000,10.843
592,0.52203,0.187761,0.334269,200000,10.9702
593,0.521425,0.187679,0.333745,200000,10.6179
594,0.521798,0.187934,0.333864,200000,10.237
595,0.521051,0.187812,0.333239,200000,10.5421
596,0.5209,0.187514,0.333387,200000,10.3822
597,0.520067,0.187252,0.332814,200000,9.97714
598,0.522063,0.187835,0.334228,200000,10.8218
599,0.522345,0.188048,0.334297,200000,11.2346
600,0.52021,0.187427,0.332783,200000,10.6374
601,0.5229,0.18797,0.33493,200000,11.4951
602,0.521928,0.187842,0.334085,200000,11.0856
603,0.520975,0.187533,0.333443,200000,10.1015
604,0.523358,0.188296,0.335062,200000,10.7188
605,0.521396,0.187514,0.333882,200000,10.242
606,0.521155,0.187405,0.33375,200000,9.71223
607,0.52116,0.187634,0.333526,200000,9.59426
608,0.521496,0.187638,0.333858,200000,10.7399
609,0.520867,0.187466,0.333401,200000,11.3214
610,0.521753,0.18786,0.333894,200000,11.0157
611,0.521384,0.187884,0.3335,200000,11.1004
612,0.519713,0.187268,0.332444,200000,11.0169
613,0.519438,0.187117,0.332321,200000,10.3614
614,0.519969,0.187532,0.332437,200000,10.6638
615,0.520519,0.187626,0.332893,200000,10.789
616,0.519543,0.187261,0.332282,200000,9.40597
617,0.519362,0.187098,0.332264,200000,9.45315
618,0.520442,0.187524,0.332918,200000,10.8196
619,0.52108,0.187773,0.333306,200000,11.056
620,0.51983,0.187485,0.332345,200000,9.69823
621,0.517779,0.187006,0.330773,200000,11.2383
622,0.518378,0.187117,0.33126,200000,10.1828
623,0.518677,0.187098,0.33158,200000,10.4112
624,0.521096,0.187887,0.33321,200000,11.3097
625,0.518397,0.186907,0.33149,200000,11.0487
626,0.51999,0.187622,0.332368,200000,10.6348
627,0.520159,0.187493,0.332666,200000,10.3656
628,0.518491,0.186927,0.331565,200000,10.156
629,0.519014,0.187281,0.331733,200000,10.5479
630,0.517363,0.186784,0.330579,200000,10.1941
631,0.520168,0.187841,0.332327,200000,11.3222
632,0.517785,0.186872,0.330913,200000,10.1821
633,0.518617,0.187301,0.331316,200000,10.4951
634,0.516888,0.187164,0.329724,200000,10.8006
635,0.516265,0.186775,0.32949,200000,9.40721
636,0.519902,0.187973,0.331929,200000,11.0227
637,0.515191,0.186858,0.328333,200000,11.6034
638,0.51602,0.186917,0.329104,200000,10.3556
639,0.517201,0.187066,0.330134,200000,11.0866
640,0.517564,0.187494,0.33007,200000,9.84768
641,0.517273,0.187101,0.330172,200000,10.4956
642,0.517637,0.187348,0.330289,200000,11.251
643,0.515787,0.186843,0.328944,200000,9.77728
644,0.520297,0.188284,0.332012,200000,10.1162
645,0.516215,0.187091,0.329125,200000,10.5868
646,0.51456,0.186437,0.328123,200000,10.1832
647,0.517034,0.18746,0.329574,200000,10.8683
648,0.514587,0.186872,0.327715,200000,10.3114
649,0.515672,0.187216,0.328456,200000,11.0887
650,0.517323,0.187755,0.329568,200000,9.59038
651,0.515771,0.186946,0.328825,200000,10.9968
652,0.517289,0.187537,0.329752,200000,11.7386
653,0.515152,0.186937,0.328215,200000,10.3735
654,0.517541,0.187705,0.329836,200000,10.954
655,0.516213,0.187364,0.32885,200000,10.3861
656,0.515775,0.187189,0.328586,200000,9.50057
657,0.516643,0.187445,0.329198,200000,10.7308
658,0.516084,0.187122,0.328962,200000,10.7916
659,0.517554,0.187428,0.330125,200000,10.1411
660,0.517293,0.187397,0.329895,200000,10.9066
661,0.51965,0.187932,0.331718,200000,9.59533
662,0.516354,0.186855,0.329499,200000,11.2192
663,0.517557,0.187466,0.330092,200000,11.0719
664,0.517192,0.187437,0.329755,200000,10.1017
665,0.517124,0.187467,0.329657,200000,11.6676
666,0.518374,0.187731,0.330642,200000,11.5077
667,0.516582,0.187149,0.329433,200000,11.0473
668,0.516931,0.187161,0.32977,200000,11.3802
669,0.516709,0.187023,0.329686,200000,9.3786
670,0.518696,0.18778,0.330916,200000,11.1812
671,0.516679,0.187226,0.329453,200000,9.8897
672,0.516621,0.187245,0.329376,200000,11.578
673,0.515606,0.187055,0.32855,200000,10.4277
674,0.516047,0.187111,0.328936,200000,10.6745
675,0.515642,0.186855,0.328788,200000,11.0798
676,0.516362,0.187018,0.329344,200000,10.3041
677,0.518684,0.187537,0.331147,200000,9.88481
678,0.516562,0.186795,0.329767,200000,11.0765
679,0.516415,0.186842,0.329572,200000,11.2172
680,0.518755,0.187597,0.331158,200000,11.0641
681,0.51758,0.187111,0.330469,200000,11.1768
682,0.518481,0.187405,0.331076,200000,11.5798
683,0.516054,0.186607,0.329447,200000,10.5471
684,0.51834,0.187385,0.330955,200000,9.55808
685,0.516715,0.18692,0.329795,200000,12.1305
686,0.514717,0.186305,0.328411,200000,10.8577
687,0.516465,0.186879,0.329587,200000,11.0326
688,0.51839,0.187582,0.330808,200000,10.2017
689,0.515356,0.186479,0.328877,200000,11.1566
690,0.518388,0.187408,0.33098,200000,10.8603
691,0.516436,0.186691,0.329746,200000,11.348
692,0.517027,0.186813,0.330214,200000,10.6537
693,0.517762,0.187234,0.330528,200000,11.4101
694,0.517615,0.186964,0.330651,200000,10.7901
695,0.516934,0.186859,0.330075,200000,10.6705
696,0.518282,0.187542,0.33074,200000,10.2837
697,0.516068,0.186779,0.329289,200000,10.9589
698,0.515578,0.186561,0.329017,200000,11.3763
699,0.516389,0.186792,0.329597,200000,10.1852
700,0.518875,0.187289,0.331587,200000,11.481
701,0.516359,0.186403,0.329956,200000,11.1862
702,0.518328,0.187028,0.3313,200000,11.4966
703,0.517806,0.186903,0.330902,200000,10.7965
704,0.517174,0.18672,0.330455,200000,9.84677
705,0.516455,0.186435,0.330021,200000,10.0115
706,0.518915,0.187181,0.331734,200000,10.3273
707,0.516863,0.186467,0.330396,200000,10.5643
708,0.517354,0.186862,0.330492,200000,10.7211
709,0.51774,0.186936,0.330804,200000,10.0174
710,0.519792,0.187261,0.332531,200000,10.3391
711,0.516707,0.1864,0.330308,200000,11.3849
712,0.518162,0.186964,0.331198,200000,10.8604
713,0.517946,0.187257,0.330689,200000,11.3202
714,0.514422,0.186084,0.328338,200000,10.3895
715,0.516893,0.186794,0.330099,200000,10.6905
716,0.516721,0.186717,0.330004,200000,11.047
717,0.515942,0.186602,0.329339,200000,11.0522
718,0.516139,0.186536,0.329603,200000,10.7544
719,0.51665,0.186636,0.330014,200000,11.2872
720,0.516104,0.186534,0.32957,200000,10.3173
721,0.51715,0.186692,0.330459,200000,11.1946
722,0.517469,0.186597,0.330871,200000,11.2562
723,0.516572,0.186419,0.330153,200000,10.2013
724,0.51699,0.186236,0.330754,200000,10.4587
725,0.519591,0.187153,0.332438,200000,11.3114
726,0.516838,0.18613,0.330707,200000,10.2007
727,0.519086,0.187008,0.332078,200000,9.4185
728,0.517131,0.186369,0.330761,200000,10.5971
729,0.517319,0.186585,0.330734,200000,11.1736
730,0.517117,0.186393,0.330724,200000,11.5383
731,0.518415,0.186737,0.331677,200000,12.1923
732,0.517726,0.186535,0.331192,200000,10.7655
733,0.518668,0.186763,0.331905,200000,10.8934
734,0.518334,0.186582,0.331751,200000,10.4985
735,0.518622,0.186635,0.331988,200000,10.6179
736,0.518202,0.186568,0.331633,200000,10.9495
737,0.516177,0.185938,0.330239,200000,10.0322
738,0.519803,0.187047,0.332756,200000,11.1139
739,0.518593,0.186631,0.331962,200000,10.5666
740,0.517873,0.186549,0.331324,200000,10.5477
741,0.518231,0.186256,0.331974,200000,10.1766
742,0.518107,0.186572,0.331535,200000,9.92474
743,0.518118,0.186257,0.331861,200000,11.3103
744,0.518593,0.186904,0.331689,200000,11.2597
745,0.515841,0.185897,0.329944,200000,11.0726
746,0.520152,0.187408,0.332744,200000,10.7376
747,0.517618,0.186558,0.33106,200000,10.7497
748,0.517821,0.18667,0.331151,200000,11.1395
749,0.519228,0.186874,0.332354,200000,11.4343
750,0.516477,0.186288,0.330189,200000,11.1583
751,0.516704,0.186143,0.33056,200000,12.0261
752,0.516885,0.186342,0.330543,200000,10.9916
753,0.518173,0.186898,0.331275,200000,10.805
754,0.516911,0.186284,0.330628,200000,10.036
755,0.517485,0.186554,0.330931,200000,9.86494
756,0.517117,0.186346,0.330771,200000,10.9677
757,0.517032,0.186606,0.330426,200000,11.3145
758,0.514535,0.185681,0.328854,200000,10.3988
759,0.516811,0.186365,0.330446,200000,10.827
760,0.517204,0.186748,0.330456,200000,10.4373
761,0.516498,0.186497,0.330001,200000,10.7655
762,0.516247,0.186423,0.329824,200000,10.4384
763,0.514552,0.185831,0.328721,200000,11.3867
764,0.513227,0.18572,0.327507,200000,9.51792
765,0.515406,0.186347,0.329058,200000,11.624
766,0.513944,0.186088,0.327855,200000,12.2402
767,0.516461,0.186653,0.329808,200000,10.4091
768,0.514811,0.186307,0.328504,200000,10.5872
769,0.513735,0.186036,0.327698,200000,10.6946
770,0.51394,0.18613,0.327811,200000,10.9834
771,0.513766,0.186117,0.327649,200000,10.5178
772,0.515298,0.186539,0.328759,200000,9.81429
773,0.514536,0.186402,0.328135,200000,10.1523
774,0.514158,0.186218,0.32794,200000,9.97384
775,0.514913,0.186483,0.328431,200000,11.0846
776,0.515077,0.186709,0.328368,200000,11.821
777,0.513821,0.186126,0.327695,200000,9.79547
778,0.514929,0.186485,0.328444,200000,11.2756
779,0.51242,0.185786,0.326634,200000,9.17564
780,0.5136,0.186384,0.327216,200000,10.5739
781,0.51324,0.186045,0.327195,200000,10.6366
782,0.513566,0.186306,0.32726,200000,10.326
783,0.513737,0.186271,0.327466,200000,9.90373
784,0.515707,0.186812,0.328895,200000,11.6271
785,0.513772,0.18642,0.327352,200000,9.32289
786,0.512755,0.185909,0.326846,200000,10.9589
787,0.513688,0.186271,0.327418,200000,10.8852
788,0.513163,0.185908,0.327255,200000,9.82211
789,0.516174,0.186928,0.329246,200000,10.23
790,0.513992,0.186363,0.327629,200000,11.0245
791,0.51445,0.18663,0.327819,200000,10.4701
792,0.514436,0.186391,0.328044,200000,9.57157
793,0.516261,0.18702,0.329241,200000,9.25608
794,0.512776,0.185888,0.326887,200000,9.29604
795,0.5144,0.186559,0.327841,200000,11.1951
796,0.512707,0.185973,0.326734,200000,9.95208
797,0.514975,0.18669,0.328285,200000,10.4916
798,0.513742,0.186194,0.327548,200000,9.91033
799,0.515266,0.186738,0.328528,200000,11.3532
800,0.513904,0.18612,0.327784,200000,10.6047
801,0.515315,0.186636,0.328679,200000,11.1471
802,0.513288,0.185976,0.327312,200000,10.9911
803,0.514542,0.186443,0.328099,200000,9.97259
804,0.512976,0.186255,0.326722,200000,9.42174
805,0.514554,0.186754,0.3278,200000,10.8928
806,0.513429,0.186304,0.327125,200000,10.826
807,0.51418,0.186595,0.327585,200000,10.6881
808,0.515484,0.186992,0.328493,200000,9.54648
809,0.514424,0.186665,0.327758,200000,11.5493
810,0.513267,0.186747,0.32652,200000,11.1737
811,0.513778,0.186938,0.32684,200000,10.0315
812,0.510465,0.185729,0.324736,200000,11.7622
813,0.513647,0.186824,0.326823,200000,10.3928
814,0.513577,0.186614,0.326963,200000,10.1151
815,0.515079,0.187148,0.327931,200000,9.15358
816,0.51263,0.186264,0.326366,200000,10.3499
817,0.512975,0.186263,0.326713,200000,11.3949
818,0.516019,0.187218,0.328801,200000,10.093
819,0.514157,0.186719,0.327438,200000,10.8921
820,0.513267,0.186412,0.326855,200000,11.3024
821,0.51291,0.186492,0.326419,200000,11.4154
822,0.511582,0.186282,0.3253,200000,9.24562
823,0.514303,0.187145,0.327159,200000,9.11787
824,0.512206,0.186475,0.325731,200000,11.3233
825,0.511586,0.186282,0.325304,200000,10.0033
826,0.51236,0.186509,0.325851,200000,11.2821
827,0.511418,0.186187,0.325231,200000,10.0111
828,0.515965,0.187423,0.328541,200000,10.6095
829,0.512316,0.186497,0.325819,200000,10.4693
830,0.511203,0.186114,0.325089,200000,12.0036
831,0.513895,0.187185,0.32671,200000,11.3882
832,0.512384,0.186582,0.325802,200000,9.34093
833,0.513922,0.1873,0.326622,200000,10.0735
834,0.510208,0.186413,0.323795,200000,11.1234
835,0.510015,0.186243,0.323772,200000,9.64235
836,0.512188,0.187023,0.325165,200000,8.63605
837,0.511843,0.187098,0.324745,200000,8.2535
838,0.509678,0.186061,0.323617,200000,10.9835
839,0.511432,0.186801,0.324631,200000,11.1333
840,0.508711,0.186078,0.322633,200000,9.72023
841,0.510055,0.186552,0.323503,200000,11.1874
842,0.512354,0.18719,0.325164,200000,10.1706
843,0.510871,0.186755,0.324116,200000,10.5193
844,0.51178,0.186993,0.324786,200000,11.0501
845,0.509391,0.18631,0.323082,200000,10.6647
846,0.509904,0.186509,0.323395,200000,10.8618
847,0.50929,0.186359,0.322931,200000,11.0576
848,0.508968,0.186459,0.322509,200000,10.3807
849,0.509424,0.186239,0.323185,200000,10.2363
850,0.510244,0.186606,0.323638,200000,11.1142
851,0.510277,0.186457,0.32382,200000,10.5752
852,0.510958,0.18684,0.324118,200000,11.2413
853,0.508454,0.185879,0.322575,200000,10.4057
854,0.513784,0.18763,0.326153,200000,9.54282
855,0.508873,0.185925,0.322948,200000,9.99685
856,0.510307,0.186427,0.32388,200000,9.69092
857,0.512072,0.186993,0.325079,200000,11.7156
858,0.510086,0.186369,0.323718,200000,11.7146
859,0.510563,0.186059,0.324504,200000,10.9305
860,0.515083,0.187399,0.327684,200000,9.66606
861,0.514249,0.186769,0.32748,200000,9.88774
862,0.512329,0.186207,0.326122,200000,9.88765
863,0.514411,0.186754,0.327657,200000,9.66083
864,0.513109,0.186642,0.326467,200000,10.3712
865,0.513217,0.186638,0.326579,200000,11.5698
866,0.515412,0.187528,0.327884,200000,11.0905
867,0.51274,0.186522,0.326217,200000,11.1068
868,0.514177,0.187024,0.327154,200000,11.1311
869,0.513374,0.186504,0.326869,200000,10.6019
870,0.515133,0.187098,0.328035,200000,10.6415
871,0.51331,0.186454,0.326857,200000,11.3729
872,0.515994,0.187326,0.328668,200000,11.5904
873,0.514019,0.186623,0.327395,200000,11.0127
874,0.516774,0.187187,0.329587,200000,11.1306
875,0.515615,0.186909,0.328706,200000,10.4277
876,0.514151,0.186558,0.327594,200000,10.1603
877,0.515414,0.186847,0.328567,200000,11.1165
878,0.515398,0.18696,0.328438,200000,10.6535
879,0.516218,0.18707,0.329147,200000,9.90629
880,0.516301,0.18687,0.32943,200000,10.3896
881,0.515532,0.186791,0.328742,200000,10.625
882,0.515475,0.186643,0.328832,200000,9.84866
883,0.517411,0.187259,0.330152,200000,11.2899
884,0.515578,0.186834,0.328744,200000,10.0595
885,0.514875,0.186563,0.328312,200000,9.59791
886,0.516874,0.187218,0.329656,200000,10.7746
887,0.515777,0.186826,0.328951,200000,10.7562
888,0.516714,0.187019,0.329696,200000,11.1231
889,0.51781,0.18744,0.330369,200000,10.6429
890,0.515463,0.186585,0.328879,200000,9.80864
891,0.516256,0.186862,0.329394,200000,10.4249
892,0.516214,0.186927,0.329287,200000,11.193
893,0.517038,0.187098,0.32994,200000,10.711
894,0.516827,0.186955,0.329872,200000,11.4377
895,0.517947,0.187325,0.330622,200000,11.1088
896,0.517183,0.187214,0.329968,200000,11.3581
897,0.516846,0.187177,0.32967,200000,11.1021
898,0.517534,0.187467,0.330067,200000,11.5697
899,0.515783,0.186947,0.328836,200000,9.39549
900,0.515328,0.186786,0.328542,200000,10.5398
901,0.515519,0.186896,0.328623,200000,10.5513
902,0.515595,0.187048,0.328547,200000,11.6359
903,0.516822,0.18737,0.329453,200000,11.9177
904,0.516286,0.187196,0.329089,200000,9.73557
905,0.515664,0.186853,0.328811,200000,10.5861
906,0.516943,0.187392,0.329551,200000,11.5541
907,0.517171,0.187386,0.329785,200000,11.4497
908,0.515151,0.186941,0.32821,200000,11.4441
909,0.515681,0.186898,0.328783,200000,10.2721
910,0.515609,0.186904,0.328705,200000,9.77681
911,0.513759,0.186628,0.327131,200000,10.55
912,0.515487,0.187084,0.328403,200000,10.7322
913,0.515453,0.187149,0.328304,200000,10.5519
914,0.513377,0.186317,0.327059,200000,11.0535
915,0.515292,0.187076,0.328217,200000,11.8214
916,0.515258,0.187022,0.328236,200000,10.005
917,0.515798,0.187022,0.328776,200000,11.1807
918,0.515955,0.186901,0.329055,200000,10.7586
919,0.515454,0.186787,0.328666,200000,10.7463
920,0.515311,0.186711,0.3286,200000,11.3044
921,0.515271,0.186715,0.328556,200000,10.0774
922,0.514652,0.186308,0.328344,200000,11.7015
923,0.516959,0.187401,0.329557,200000,10.6274
924,0.517132,0.187438,0.329694,200000,10.8244
925,0.513673,0.186226,0.327448,200000,11.6178
926,0.51505,0.186872,0.328178,200000,11.1104
927,0.514603,0.186523,0.328081,200000,10.9283
928,0.515958,0.187074,0.328884,200000,10.6776
929,0.515781,0.186618,0.329163,200000,10.3395
930,0.514327,0.186041,0.328286,200000,10.5859
931,0.518213,0.187315,0.330898,200000,11.3858
932,0.515196,0.186404,0.328792,200000,11.2989
933,0.514995,0.186314,0.328681,200000,10.4732
934,0.514764,0.186393,0.328371,200000,10.83
935,0.516981,0.186989,0.329992,200000,10.0978
936,0.516019,0.186606,0.329413,200000,11.1867
937,0.515601,0.186692,0.328909,200000,9.46969
938,0.516418,0.186567,0.32985,200000,9.92678
939,0.51686,0.186799,0.33006,200000,10.052
940,0.516199,0.186655,0.329544,200000,11.0562
941,0.5156,0.186545,0.329055,200000,11.3017
942,0.515704,0.186556,0.329148,200000,11.5227
943,0.516945,0.186888,0.330056,200000,10.1125
944,0.51505,0.186509,0.328541,200000,11.3741
945,0.515969,0.186642,0.329327,200000,11.0656
946,0.515731,0.186866,0.328865,200000,11.2292
947,0.518718,0.18759,0.331128,200000,10.4782
948,0.514129,0.185968,0.328161,200000,10.4689
949,0.5137,0.185985,0.327715,200000,10.486
950,0.516591,0.186781,0.32981,200000,12.0124
951,0.51728,0.186754,0.330526,200000,11.9037
952,0.518541,0.187073,0.331468,200000,11.347
953,0.516963,0.186556,0.330407,200000,10.6386
954,0.516439,0.186633,0.329806,200000,10.9672
955,0.51854,0.187242,0.331298,200000,9.98503
956,0.516483,0.186632,0.329851,200000,10.3517
957,0.517402,0.1869,0.330502,200000,11.1212
958,0.516336,0.186361,0.329975,200000,10.351
959,0.517945,0.186992,0.330953,200000,10.3581
960,0.516888,0.186812,0.330076,200000,10.3906
961,0.514759,0.186205,0.328554,200000,11.5018
962,0.515651,0.186338,0.329314,200000,11.0989
963,0.517288,0.187054,0.330234,200000,10.6852
964,0.516087,0.186833,0.329254,200000,11.202
965,0.515606,0.186499,0.329107,200000,10.4164
966,0.515987,0.186663,0.329324,200000,9.76451
967,0.516165,0.186733,0.329431,200000,11.3126
968,0.515076,0.186151,0.328925,200000,10.4103
969,0.514614,0.185962,0.328653,200000,10.3071
970,0.515959,0.186455,0.329504,200000,9.8333
971,0.515086,0.186261,0.328825,200000,10.3864
972,0.515566,0.186255,0.329311,200000,10.359
973,0.51438,0.186197,0.328183,200000,10.4066
974,0.512034,0.185095,0.326939,200000,10.9186
975,0.514323,0.185812,0.328511,200000,11.2387
976,0.516369,0.18691,0.329459,200000,10.0319
977,0.512905,0.185513,0.327391,200000,11.1696
978,0.512925,0.185862,0.327062,200000,9.68062
979,0.511655,0.185432,0.326223,200000,11.7053
980,0.513936,0.186263,0.327673,200000,11.4807
981,0.514481,0.186406,0.328075,200000,10.6744
982,0.512513,0.185862,0.326651,200000,11.3863
983,0.512888,0.185934,0.326954,200000,9.80657
984,0.512968,0.185934,0.327034,200000,10.8133
985,0.514239,0.186291,0.327948,200000,10.8439
986,0.512358,0.185489,0.32687,200000,10.6635
987,0.513124,0.185796,0.327328,200000,11.5806
988,0.513588,0.186013,0.327575,200000,10.4011
989,0.513918,0.186112,0.327806,200000,11.595
990,0.515531,0.186581,0.328949,200000,10.5682
991,0.510765,0.185229,0.325536,200000,10.9949
992,0.512453,0.185777,0.326676,200000,11.2963
993,0.513645,0.186027,0.327618,200000,11.8384
994,0.513253,0.185939,0.327313,200000,10.7832
995,0.511487,0.185206,0.32628,200000,10.1527
996,0.512155,0.185692,0.326464,200000,11.406
997,0.512408,0.185681,0.326726,200000,11.1041
998,0.512312,0.185645,0.326667,200000,10.6842
999,0.512281,0.185809,0.326472,200000,10.3807
1000,0.512677,0.186023,0.326654,200000,11.4642
1001,0.511239,0.185533,0.325705,200000,10.3525
1002,0.515169,0.186587,0.328582,200000,10.6601
1003,0.513032,0.186004,0.327028,200000,10.5798
1004,0.511707,0.185633,0.326075,200000,11.5695
1005,0.51152,0.185749,0.325771,200000,11.5104
1006,0.511668,0.185641,0.326027,200000,11.8845
1007,0.512237,0.185956,0.326281,200000,10.6486
1008,0.513309,0.186389,0.32692,200000,10.9163
1009,0.514515,0.186663,0.327852,200000,10.1361
1010,0.511008,0.185372,0.325637,200000,11.4464
1011,0.513891,0.18615,0.327741,200000,10.7382
1012,0.514444,0.186547,0.327897,200000,11.9942
1013,0.511445,0.185305,0.32614,200000,10.9042
1014,0.512872,0.18588,0.326991,200000,10.1825
1015,0.514208,0.186369,0.327839,200000,11.1263
1016,0.515036,0.186581,0.328455,200000,11.7444
1017,0.514818,0.186346,0.328472,200000,11.517
1018,0.514238,0.186406,0.327833,200000,10.142
1019,0.514243,0.186418,0.327825,200000,9.93175
1020,0.513299,0.186179,0.32712,200000,11.62
1021,0.513903,0.186455,0.327448,200000,11.0702
1022,0.514066,0.186421,0.327645,200000,11.5152
1023,0.512751,0.186107,0.326644,200000,10.431
1024,0.513628,0.18645,0.327177,200000,10.0369
1025,0.512126,0.18597,0.326156,200000,11.8058
1026,0.512516,0.1862,0.326316,200000,11.7886
1027,0.513,0.186198,0.326802,200000,11.0816
1028,0.512565,0.186136,0.326429,200000,10.8887
1029,0.512559,0.186213,0.326346,200000,10.3164
1030,0.514199,0.186576,0.327623,200000,9.95039
1031,0.513061,0.186226,0.326835,200000,11.1843
1032,0.513941,0.186481,0.32746,200000,10.1432
1033,0.514517,0.186748,0.327769,200000,11.4073
1034,0.512495,0.186138,0.326356,200000,10.3277
1035,0.515644,0.186943,0.328701,200000,11.0616
1036,0.512425,0.185993,0.326433,200000,11.0868
1037,0.516545,0.187053,0.329492,200000,10.3948
1038,0.513596,0.186232,0.327364,200000,10.9803
1039,0.5154,0.186896,0.328504,200000,10.9598
1040,0.514645,0.186642,0.328003,200000,11.4148
1041,0.514715,0.186596,0.328119,200000,11.2714
1042,0.515943,0.186941,0.329002,200000,10.0675
1043,0.513077,0.185799,0.327277,200000,11.2698
1044,0.515922,0.186501,0.329421,200000,10.9891
1045,0.518677,0.18744,0.331237,200000,11.9854
1046,0.515875,0.186402,0.329472,200000,10.9379
1047,0.517131,0.186713,0.330418,200000,11.0497
1048,0.518607,0.187218,0.33139,200000,11.9171
1049,0.516539,0.186679,0.329861,200000,10.8419
1050,0.515835,0.186358,0.329477,200000,10.4424
1051,0.518389,0.187224,0.331165,200000,11.0893
1052,0.517079,0.186606,0.330472,200000,10.6584
1053,0.518896,0.187216,0.33168,200000,10.8188
1054,0.515663,0.186189,0.329475,200000,10.0102
1055,0.517541,0.186778,0.330763,200000,9.82744
1056,0.517611,0.18671,0.330901,200000,10.5813
1057,0.519004,0.187243,0.331761,200000,10.2414
1058,0.519358,0.187308,0.33205,200000,11.4818
1059,0.515956,0.186201,0.329755,200000,11.4452
1060,0.516019,0.186157,0.329862,200000,11.1597
1061,0.518239,0.187093,0.331146,200000,10.9841
1062,0.51976,0.1874,0.33236,200000,9.93003
1063,0.516716,0.186466,0.33025,200000,11.0925
1064,0.515284,0.186645,0.328639,200000,10.3441
1065,0.515092,0.186589,0.328503,200000,10.2739
1066,0.516965,0.187152,0.329812,200000,11.405
1067,0.51465,0.186757,0.327893,200000,10.6693
1068,0.517462,0.187769,0.329693,200000,10.3935
1069,0.515105,0.186996,0.328109,200000,10.5966
1070,0.515997,0.187429,0.328568,200000,10.6563
1071,0.516708,0.187518,0.32919,200000,10.7627
1072,0.515986,0.186931,0.329054,200000,10.7671
1073,0.517344,0.1875,0.329844,200000,10.5859
1074,0.518253,0.188111,0.330142,200000,11.0924
1075,0.516716,0.187468,0.329248,200000,11.1221
1076,0.5166,0.187368,0.329232,200000,10.7339
1077,0.51639,0.187482,0.328908,200000,11.0624
1078,0.517867,0.188003,0.329864,200000,10.5353
1079,0.516925,0.187481,0.329444,200000,10.8516
1080,0.516532,0.18741,0.329122,200000,11.2578
1081,0.519241,0.188509,0.330733,200000,10.6698
1082,0.517954,0.188044,0.32991,200000,10.5716
1083,0.517753,0.187803,0.329949,200000,9.87996
1084,0.517778,0.187748,0.33003,200000,9.48839
1085,0.519816,0.188437,0.331379,200000,11.8325
1086,0.519427,0.188163,0.331264,200000,10.9019
1087,0.520177,0.188332,0.331845,200000,10.5979
1088,0.518147,0.187625,0.330522,200000,11.6466
1089,0.520269,0.188463,0.331806,200000,10.4128
1090,0.518118,0.187894,0.330224,200000,10.4259
1091,0.519876,0.188451,0.331425,200000,10.0767
1092,0.518775,0.188372,0.330403,200000,11.8483
1093,0.519231,0.188295,0.330936,200000,11.2411
1094,0.51759,0.187712,0.329877,200000,11.8697
1095,0.521141,0.188926,0.332215,200000,11.3636
1096,0.518581,0.18811,0.330471,200000,11.2261
1097,0.517202,0.187683,0.329519,200000,11.3054
1098,0.51863,0.188227,0.330403,200000,10.0374
1099,0.517724,0.187931,0.329792,200000,9.79354
1100,0.519529,0.188422,0.331108,200000,10.3301
1101,0.520424,0.188549,0.331875,200000,11.2765
1102,0.516871,0.187835,0.329035,200000,10.8331
1103,0.519371,0.188266,0.331105,200000,11.8503
1104,0.518892,0.188224,0.330668,200000,10.6379
1105,0.519572,0.188404,0.331168,200000,10.8077
1106,0.518617,0.187983,0.330634,200000,11.6388
1107,0.518654,0.188042,0.330612,200000,10.8128
1108,0.518255,0.187858,0.330397,200000,10.8538
1109,0.518438,0.187973,0.330465,200000,11.011
1110,0.518878,0.188335,0.330543,200000,11.2143
1111,0.516816,0.187764,0.329052,200000,11.3599
1112,0.516068,0.187548,0.32852,200000,10.5555
1113,0.518505,0.188276,0.330229,200000,9.68989
1114,0.518116,0.188343,0.329773,200000,11.865
1115,0.517928,0.188209,0.329718,200000,10.9289
1116,0.517747,0.188247,0.3295,200000,10.8707
1117,0.518178,0.188491,0.329686,200000,10.6101
1118,0.517144,0.188097,0.329047,200000,9.35242
1119,0.516565,0.187982,0.328584,200000,9.65124
1120,0.515848,0.187681,0.328166,200000,10.8454
1121,0.518148,0.188381,0.329767,200000,10.4349
1122,0.516791,0.188089,0.328702,200000,11.479
1123,0.51683,0.188002,0.328829,200000,11.6075
1124,0.515899,0.187745,0.328155,200000,10.4924
1125,0.517287,0.188133,0.329154,200000,10.6386
1126,0.517271,0.188299,0.328972,200000,9.85887
1127,0.518655,0.188546,0.33011,200000,10.4053
1128,0.515947,0.187665,0.328281,200000,11.7475
1129,0.517389,0.188017,0.329373,200000,11.0886
1130,0.518066,0.188334,0.329732,200000,10.2358
1131,0.516645,0.187891,0.328753,200000,11.2761
1132,0.516103,0.187693,0.32841,200000,10.3075
1133,0.518257,0.188374,0.329883,200000,11.6083
1134,0.517295,0.188164,0.329131,200000,11.4182
1135,0.517385,0.188119,0.329266,200000,10.3793
1136,0.516593,0.18808,0.328513,200000,9.49124
1137,0.516587,0.187913,0.328674,200000,11.1755
1138,0.515466,0.18766,0.327805,200000,10.52
1139,0.516503,0.188053,0.32845,200000,9.56749
1140,0.517217,0.188415,0.328803,200000,10.3249
1141,0.514459,0.187466,0.326993,200000,10.2529
1142,0.516377,0.188283,0.328094,200000,11.0643
1143,0.516084,0.188188,0.327896,200000,10.6497
1144,0.514178,0.187599,0.326579,200000,11.8362
1145,0.516351,0.188222,0.32813,200000,11.7343
1146,0.513782,0.187456,0.326327,200000,10.4653
1147,0.514337,0.187669,0.326668,200000,10.9604
1148,0.514726,0.187892,0.326834,200000,11.9555
1149,0.514796,0.187917,0.326879,200000,11.1483
1150,0.513102,0.18761,0.325492,200000,10.0972
1151,0.51338,0.187578,0.325802,200000,9.82989
1152,0.513299,0.187506,0.325794,200000,11.0183
1153,0.513018,0.18751,0.325508,200000,10.4834
1154,0.514171,0.1879,0.326271,200000,11.7125
1155,0.512722,0.187472,0.32525,200000,10.5621
1156,0.513891,0.187901,0.325989,200000,12.4887
1157,0.513757,0.188053,0.325704,200000,10.569
1158,0.512511,0.187695,0.324817,200000,11.5815
1159,0.512395,0.1878,0.324595,200000,9.59665
1160,0.512957,0.187847,0.325109,200000,11.4477
1161,0.512723,0.18788,0.324843,200000,11.3457
1162,0.511469,0.187382,0.324087,200000,11.2048
1163,0.512187,0.187601,0.324586,200000,9.68146
1164,0.512753,0.187824,0.324929,200000,10.0776
1165,0.512183,0.187342,0.324841,200000,11.1514
1166,0.513919,0.18782,0.326099,200000,10.3689
1167,0.512198,0.187092,0.325106,200000,10.8073
1168,0.512575,0.187524,0.325052,200000,10.5877
1169,0.513042,0.187572,0.32547,200000,8.01562
1170,0.513669,0.187635,0.326034,200000,7.99198
1171,0.513515,0.187798,0.325717,200000,8.47866
1172,0.511896,0.18712,0.324775,200000,9.0487
1173,0.513095,0.187366,0.325729,200000,10.5936
1174,0.512594,0.187509,0.325085,200000,10.2474
1175,0.511546,0.186877,0.324668,200000,10.8364
1176,0.512431,0.187259,0.325172,200000,10.645
1177,0.515534,0.188104,0.32743,200000,10.507
1178,0.510838,0.186422,0.324416,200000,11.7842
1179,0.512656,0.187127,0.325528,200000,11.0946
1180,0.512019,0.187046,0.324973,200000,11.1489
1181,0.512424,0.187095,0.325329,200000,10.9448
1182,0.511759,0.186738,0.325021,200000,11.2788
1183,0.514191,0.187684,0.326507,200000,11.5159
1184,0.51508,0.18782,0.32726,200000,10.5785
1185,0.511456,0.186736,0.32472,200000,10.1627
1186,0.512004,0.186772,0.325232,200000,10.8905
1187,0.512353,0.187046,0.325307,200000,11.0559
1188,0.513341,0.187394,0.325947,200000,9.89064
1189,0.510071,0.18652,0.323551,200000,10.2447
1190,0.514696,0.187826,0.326869,200000,10.634
1191,0.512342,0.187058,0.325284,200000,11.5358
1192,0.512331,0.187144,0.325187,200000,10.4948
1193,0.511607,0.186725,0.324882,200000,11.4281
1194,0.516101,0.188163,0.327938,200000,11.1417
1195,0.511056,0.186412,0.324645,200000,9.76888
1196,0.513556,0.187485,0.326071,200000,10.2845
1197,0.5097,0.186067,0.323633,200000,10.6454
1198,0.511673,0.186792,0.324881,200000,11.0867
1199,0.51541,0.187708,0.327702,200000,10.9409
1200,0.510078,0.186147,0.32393,200000,10.1977
1201,0.510041,0.186012,0.324029,200000,10.8017
1202,0.512097,0.18691,0.325187,200000,10.5872
1203,0.512583,0.18685,0.325733,200000,10.7149
1204,0.511155,0.186251,0.324904,200000,11.883
1205,0.51335,0.187045,0.326305,200000,10.7561
1206,0.511852,0.186458,0.325394,200000,11.3836
1207,0.512252,0.186664,0.325588,200000,11.7604
1208,0.51211,0.186561,0.32555,200000,9.92877
1209,0.514711,0.187237,0.327474,200000,9.76896
1210,0.51232,0.186445,0.325875,200000,10.6076
1211,0.514352,0.187075,0.327277,200000,11.176
1212,0.513192,0.186694,0.326499,200000,10.7576
1213,0.513461,0.186761,0.3267,200000,10.0637
1214,0.514393,0.187231,0.327162,200000,10.7415
1215,0.514816,0.187211,0.327605,200000,10.6411
1216,0.513827,0.186483,0.327344,200000,10.9034
1217,0.516371,0.18718,0.329192,200000,11.7941
1218,0.514997,0.186599,0.328398,200000,11.5157
1219,0.516984,0.187526,0.329458,200000,11.0252
1220,0.513748,0.186407,0.32734,200000,11.3674
1221,0.514366,0.18676,0.327606,200000,10.7102
1222,0.513834,0.186566,0.327268,200000,11.7313
1223,0.516578,0.187423,0.329155,200000,10.0138
1224,0.513194,0.18626,0.326934,200000,11.0985
1225,0.514156,0.18654,0.327615,200000,11.4803
1226,0.515476,0.186903,0.328573,200000,10.8986
1227,0.517625,0.187641,0.329984,200000,11.7013
1228,0.514012,0.186279,0.327733,200000,10.6394
1229,0.513761,0.186419,0.327341,200000,11.0437
1230,0.516238,0.187001,0.329236,200000,10.9256
1231,0.516445,0.187218,0.329227,200000,9.4945
1232,0.514838,0.186239,0.328599,200000,11.5652
1233,0.515681,0.18662,0.329061,200000,11.6242
1234,0.519568,0.187775,0.331793,200000,11.0034
1235,0.515169,0.186174,0.328996,200000,11.0474
1236,0.518284,0.187153,0.331132,200000,10.8082
1237,0.516266,0.186783,0.329483,200000,11.4906
1238,0.51764,0.187293,0.330347,200000,10.0406
1239,0.51675,0.18701,0.32974,200000,9.78526
1240,0.516094,0.186941,0.329153,200000,10.989
1241,0.514065,0.186146,0.327919,200000,10.5023
1242,0.516453,0.187026,0.329427,200000,10.3306
1243,0.517565,0.187112,0.330454,200000,11.1165
1244,0.516725,0.187134,0.329591,200000,10.729
1245,0.516171,0.186754,0.329416,200000,10.1359
1246,0.516433,0.186919,0.329514,200000,11.7506
1247,0.520421,0.187657,0.332764,200000,11.1262
1248,0.518064,0.187277,0.330788,200000,10.8817
1249,0.516484,0.18664,0.329844,200000,11.5407
1250,0.516916,0.186863,0.330053,200000,10.691
1251,0.518152,0.187472,0.330681,200000,10.5419
1252,0.516993,0.186829,0.330164,200000,11.024
1253,0.515833,0.186701,0.329133,200000,10.3772
1254,0.515819,0.18664,0.329179,200000,10.8926
1255,0.516381,0.186862,0.329519,200000,11.2746
1256,0.517561,0.187212,0.330349,200000,10.5396
1257,0.517147,0.186951,0.330197,200000,10.9555
1258,0.51838,0.187317,0.331062,200000,11.7285
1259,0.516533,0.186567,0.329966,200000,10.3329
1260,0.518907,0.187556,0.331351,200000,10.7482
1261,0.51937,0.187634,0.331736,200000,11.3579
1262,0.517369,0.186965,0.330403,200000,10.9365
1263,0.517926,0.187115,0.330812,200000,10.8389
1264,0.521198,0.187902,0.333296,200000,10.8002
1265,0.517368,0.186702,0.330666,200000,11.5115
1266,0.518308,0.187079,0.331229,200000,11.2843
1267,0.520754,0.187794,0.332959,200000,12.3243
1268,0.518058,0.186898,0.331159,200000,11.0243
1269,0.51732,0.186775,0.330545,200000,10.1616
1270,0.520207,0.187735,0.332472,200000,11.8939
1271,0.515667,0.186658,0.329009,200000,11.4396
1272,0.516094,0.186833,0.329262,200000,10.7611
1273,0.516343,0.186977,0.329366,200000,10.4321
1274,0.517718,0.187537,0.330181,200000,11.1308
1275,0.516354,0.187011,0.329342,200000,10.4921
1276,0.517776,0.187398,0.330378,200000,11.4015
1277,0.519138,0.187776,0.331362,200000,11.7322
1278,0.515767,0.186681,0.329085,200000,10.7394
1279,0.517247,0.18731,0.329937,200000,10.7153
1280,0.51646,0.187207,0.329253,200000,11.0862
1281,0.51803,0.187812,0.330218,200000,10.7137
1282,0.517177,0.187467,0.32971,200000,10.4337
1283,0.514727,0.186719,0.328008,200000,10.3863
1284,0.517757,0.187714,0.330043,200000,11.9452
1285,0.516244,0.187268,0.328976,200000,10.8224
1286,0.517987,0.187805,0.330181,200000,10.6993
1287,0.51679,0.187566,0.329224,200000,10.0993
1288,0.515724,0.187151,0.328573,200000,11.6558
1289,0.51667,0.187558,0.329111,200000,10.2809
1290,0.51574,0.187455,0.328285,200000,10.5897
1291,0.517087,0.187996,0.32909,200000,10.5267
1292,0.514481,0.186992,0.327489,200000,9.7198
1293,0.513601,0.186772,0.326829,200000,10.5995
1294,0.516109,0.187613,0.328496,200000,11.5709
1295,0.515005,0.187132,0.327873,200000,10.3891
1296,0.51496,0.187313,0.327646,200000,10.3053
1297,0.512492,0.186573,0.325919,200000,11.0234
1298,0.515902,0.187723,0.328179,200000,11.5779
1299,0.513176,0.186924,0.326252,200000,10.9068
1300,0.515716,0.187689,0.328028,200000,10.4574
